[{"id":"user-image-girl-works-at-a-laptop_185193-16616.jpg","publicUrl":"np://user.desktop.nicepage.com/Site_2166408045/images/girl-works-at-a-laptop_185193-16616.jpg","size":223650,"hash":"+jIqgcOsnwrNxz7op4L2Cgx62HQ=","fileName":"girl-works-at-a-laptop_185193-16616.jpg","name":"girl-works-at-a-laptop_185193-16616","width":626,"height":472,"thumbnail":{"url":"np://user.desktop.nicepage.com/Site_2166408045/images/thumbnails/girl-works-at-a-laptop_185193-16616.jpg","width":250,"height":188},"folderId":null,"usages":["627811613"]},{"id":"user-image-4926624.png","publicUrl":"np://user.desktop.nicepage.com/Site_2166408045/images/4926624.png","size":2075,"hash":"UmXlNOnUJCywN1NDArnCTVpqKhI=","fileName":"4926624.png","name":"4926624","width":128,"height":128,"thumbnail":{"url":"np://user.desktop.nicepage.com/Site_2166408045/images/thumbnails/4926624.png","width":128,"height":128,"length":2075,"type":"png"},"folderId":null,"usages":["627811613"]},{"id":"user-image-39699.png","publicUrl":"np://user.desktop.nicepage.com/Site_2166408045/images/39699.png","size":2232,"hash":"c4GRAXk8vZvyToilJVcKx5m9Kkg=","fileName":"39699.png","name":"39699","width":128,"height":128,"thumbnail":{"url":"np://user.desktop.nicepage.com/Site_2166408045/images/thumbnails/39699.png","width":128,"height":128,"length":2232,"type":"png"},"folderId":null,"usages":["627811613"]},{"id":"user-image--PhotoRoom1.jpg","publicUrl":"np://user.desktop.nicepage.com/Site_2166408045/images/-PhotoRoom1.jpg","size":195651,"hash":"+/EA00PY2yKpLeT/jRjAyYbPhzQ=","fileName":"-PhotoRoom1.jpg","name":"-PhotoRoom1","width":1408,"height":1326,"thumbnail":{"url":"np://user.desktop.nicepage.com/Site_2166408045/images/thumbnails/-PhotoRoom1.jpg","width":250,"height":235},"folderId":null,"usages":["627811613"]},{"id":"user-image-w4-min.jpg","publicUrl":"np://user.desktop.nicepage.com/Site_2166408045/images/w4-min.jpg","size":462986,"hash":"fqH9Gbga2Ye5QiJ+uFE/Iaueclg=","fileName":"w4-min.jpg","name":"w4-min","width":1980,"height":806,"thumbnail":{"url":"np://user.desktop.nicepage.com/Site_2166408045/images/thumbnails/w4-min.jpg","width":250,"height":102},"folderId":null,"originalUrl":"//images03.nicepage.com/c461c07a441a5d220e8feb1a/1d7522477e8255a697949ad4/w4-min.jpg?version=","usages":["627811613"]},{"id":"user-image-black-white-business-card-mockup-design_47987-2181.jpg","publicUrl":"np://user.desktop.nicepage.com/Site_2166408045/images/black-white-business-card-mockup-design_47987-2181.jpg","size":40702,"hash":"FVJoYmp3vedCOQbpHnnCBDHGXEQ=","fileName":"black-white-business-card-mockup-design_47987-2181.jpg","name":"black-white-business-card-mockup-design_47987-2181","width":626,"height":469,"thumbnail":{"url":"np://user.desktop.nicepage.com/Site_2166408045/images/thumbnails/black-white-business-card-mockup-design_47987-2181.jpg","width":250,"height":187},"folderId":null,"originalUrl":"//images03.nicepage.com/c461c07a441a5d220e8feb1a/e29713a4ecc85f95b375c1a1/black-white-business-card-mockup-design_47987-2181.jpg","usages":["627811613"]},{"id":"user-image-mock-up-logo-design-business-white-paper_23-2148834253.jpg","publicUrl":"np://user.desktop.nicepage.com/Site_2166408045/images/mock-up-logo-design-business-white-paper_23-2148834253.jpg","size":63652,"hash":"f1K+IoipgS/QtyFbv0rScCrBOfY=","fileName":"mock-up-logo-design-business-white-paper_23-2148834253.jpg","name":"mock-up-logo-design-business-white-paper_23-2148834253","width":626,"height":417,"thumbnail":{"url":"np://user.desktop.nicepage.com/Site_2166408045/images/thumbnails/mock-up-logo-design-business-white-paper_23-2148834253.jpg","width":250,"height":167},"folderId":null,"originalUrl":"//images03.nicepage.com/c461c07a441a5d220e8feb1a/0b2f72c776105094884d9457/mock-up-logo-design-business-white-paper_23-2148834253.jpg","usages":["627811613"]},{"id":"user-image-rounded-corner-business-cards-mockup_358694-108.jpg","publicUrl":"np://user.desktop.nicepage.com/Site_2166408045/images/rounded-corner-business-cards-mockup_358694-108.jpg","size":46078,"hash":"gjX+DwqchHytynDI4vxVGzAN0KQ=","fileName":"rounded-corner-business-cards-mockup_358694-108.jpg","name":"rounded-corner-business-cards-mockup_358694-108","width":626,"height":417,"thumbnail":{"url":"np://user.desktop.nicepage.com/Site_2166408045/images/thumbnails/rounded-corner-business-cards-mockup_358694-108.jpg","width":250,"height":167},"folderId":null,"originalUrl":"//images03.nicepage.com/c461c07a441a5d220e8feb1a/dd72e366e32a571ba4c46256/rounded-corner-business-cards-mockup_358694-108.jpg","usages":["627811613"]},{"id":"user-image-3d-lion-logo-mockup_145275-144.jpg","publicUrl":"np://user.desktop.nicepage.com/Site_2166408045/images/3d-lion-logo-mockup_145275-144.jpg","size":54595,"hash":"9UQkLBnKFs/+6HrzLkzQHOlgx+U=","fileName":"3d-lion-logo-mockup_145275-144.jpg","name":"3d-lion-logo-mockup_145275-144","width":626,"height":417,"thumbnail":{"url":"np://user.desktop.nicepage.com/Site_2166408045/images/thumbnails/3d-lion-logo-mockup_145275-144.jpg","width":250,"height":167},"folderId":null,"originalUrl":"//images03.nicepage.com/c461c07a441a5d220e8feb1a/43b79bf8d0ae5d5fbfdd81d8/3d-lion-logo-mockup_145275-144.jpg","usages":["627811613"]},{"id":"user-image-logo-mockup-luxury-black-facade-sign_145275-288.jpg","publicUrl":"np://user.desktop.nicepage.com/Site_2166408045/images/logo-mockup-luxury-black-facade-sign_145275-288.jpg","size":35564,"hash":"bgSIbPPFoFK6PnL2ZzsGCzcwScA=","fileName":"logo-mockup-luxury-black-facade-sign_145275-288.jpg","name":"logo-mockup-luxury-black-facade-sign_145275-288","width":626,"height":417,"thumbnail":{"url":"np://user.desktop.nicepage.com/Site_2166408045/images/thumbnails/logo-mockup-luxury-black-facade-sign_145275-288.jpg","width":250,"height":167},"folderId":null,"originalUrl":"//images03.nicepage.com/c461c07a441a5d220e8feb1a/b4dfb8b00d5d5b8bba7df721/logo-mockup-luxury-black-facade-sign_145275-288.jpg","usages":["627811613"]},{"id":"user-image-rr.jpg","publicUrl":"np://user.desktop.nicepage.com/Site_2166408045/images/rr.jpg","size":37901,"hash":"O8AXMjx4O0yBKZLgDlDcSPSAaio=","fileName":"rr.jpg","name":"rr","width":549,"height":549,"thumbnail":{"url":"np://user.desktop.nicepage.com/Site_2166408045/images/thumbnails/rr.jpg","width":250,"height":250},"folderId":null,"originalUrl":"//images03.nicepage.com/c461c07a441a5d220e8feb1a/1315d23424d4541ca7adc6d4/rr.jpg","usages":["627811613"]},{"id":"user-image-logo-mockup-black-facade-sign_145275-281.jpg","publicUrl":"np://user.desktop.nicepage.com/Site_2166408045/images/logo-mockup-black-facade-sign_145275-281.jpg","size":42713,"hash":"iBwoQuLU012FICFzjbp1ty7oMoI=","fileName":"logo-mockup-black-facade-sign_145275-281.jpg","name":"logo-mockup-black-facade-sign_145275-281","width":626,"height":417,"thumbnail":{"url":"np://user.desktop.nicepage.com/Site_2166408045/images/thumbnails/logo-mockup-black-facade-sign_145275-281.jpg","width":250,"height":167},"folderId":null,"originalUrl":"//images03.nicepage.com/c461c07a441a5d220e8feb1a/3a4ecd0b020456b6b0478600/logo-mockup-black-facade-sign_145275-281.jpg","usages":["627811613"]},{"id":"user-image-abstract-mock-up-logo-shopping-bag_23-2148834294.jpg","publicUrl":"np://user.desktop.nicepage.com/Site_2166408045/images/abstract-mock-up-logo-shopping-bag_23-2148834294.jpg","size":44513,"hash":"AZv3pmglabFUcM9pFyscgJy9fXA=","fileName":"abstract-mock-up-logo-shopping-bag_23-2148834294.jpg","name":"abstract-mock-up-logo-shopping-bag_23-2148834294","width":626,"height":417,"thumbnail":{"url":"np://user.desktop.nicepage.com/Site_2166408045/images/thumbnails/abstract-mock-up-logo-shopping-bag_23-2148834294.jpg","width":250,"height":167},"folderId":null,"originalUrl":"//images03.nicepage.com/c461c07a441a5d220e8feb1a/c8c9484a16775321829e9f33/abstract-mock-up-logo-shopping-bag_23-2148834294.jpg","usages":["627811613"]},{"id":"user-image-mockup-with-gold-logo_136295-386.jpg","publicUrl":"np://user.desktop.nicepage.com/Site_2166408045/images/mockup-with-gold-logo_136295-386.jpg","size":89053,"hash":"GLc9Csm6MALogIZMNI5+abUHM1k=","fileName":"mockup-with-gold-logo_136295-386.jpg","name":"mockup-with-gold-logo_136295-386","width":626,"height":417,"thumbnail":{"url":"np://user.desktop.nicepage.com/Site_2166408045/images/thumbnails/mockup-with-gold-logo_136295-386.jpg","width":250,"height":167},"folderId":null,"originalUrl":"//images03.nicepage.com/c461c07a441a5d220e8feb1a/478f8e09ef285d919a09ab42/mockup-with-gold-logo_136295-386.jpg","usages":["627811613"]}]